id,predicted_runs
0,63.995000000000005
1,8.959999999999999
